[
    {
        "model": "admin.logentry",
        "pk": 1,
        "fields": {
            "action_time": "2024-10-26T06:03:00.257Z",
            "user": 1,
            "content_type": 7,
            "object_id": "1",
            "object_repr": "aa",
            "action_flag": 1,
            "change_message": "[{\"added\": {}}]"
        }
    },
    {
        "model": "admin.logentry",
        "pk": 2,
        "fields": {
            "action_time": "2024-11-15T03:09:59.051Z",
            "user": 1,
            "content_type": 4,
            "object_id": "4",
            "object_repr": "bhoomi",
            "action_flag": 3,
            "change_message": ""
        }
    },
    {
        "model": "admin.logentry",
        "pk": 3,
        "fields": {
            "action_time": "2024-11-15T03:11:08.100Z",
            "user": 1,
            "content_type": 4,
            "object_id": "5",
            "object_repr": "bhoomi",
            "action_flag": 3,
            "change_message": ""
        }
    },
    {
        "model": "admin.logentry",
        "pk": 4,
        "fields": {
            "action_time": "2024-11-15T03:12:58.951Z",
            "user": 1,
            "content_type": 4,
            "object_id": "6",
            "object_repr": "bhoomi",
            "action_flag": 3,
            "change_message": ""
        }
    },
    {
        "model": "admin.logentry",
        "pk": 5,
        "fields": {
            "action_time": "2024-11-15T03:14:58.846Z",
            "user": 1,
            "content_type": 4,
            "object_id": "8",
            "object_repr": "qwad",
            "action_flag": 3,
            "change_message": ""
        }
    },
    {
        "model": "admin.logentry",
        "pk": 6,
        "fields": {
            "action_time": "2024-11-15T03:15:03.179Z",
            "user": 1,
            "content_type": 4,
            "object_id": "7",
            "object_repr": "bhoomi",
            "action_flag": 3,
            "change_message": ""
        }
    },
    {
        "model": "admin.logentry",
        "pk": 7,
        "fields": {
            "action_time": "2025-01-03T09:09:51.771Z",
            "user": 1,
            "content_type": 7,
            "object_id": "2",
            "object_repr": "Cycle",
            "action_flag": 1,
            "change_message": "[{\"added\": {}}]"
        }
    },
    {
        "model": "admin.logentry",
        "pk": 8,
        "fields": {
            "action_time": "2025-01-03T09:53:11.233Z",
            "user": 1,
            "content_type": 7,
            "object_id": "2",
            "object_repr": "Cycle",
            "action_flag": 2,
            "change_message": "[]"
        }
    },
    {
        "model": "admin.logentry",
        "pk": 9,
        "fields": {
            "action_time": "2025-01-03T09:53:46.151Z",
            "user": 1,
            "content_type": 7,
            "object_id": "3",
            "object_repr": "cycle cycle",
            "action_flag": 1,
            "change_message": "[{\"added\": {}}]"
        }
    },
    {
        "model": "admin.logentry",
        "pk": 10,
        "fields": {
            "action_time": "2025-01-03T09:54:40.073Z",
            "user": 1,
            "content_type": 7,
            "object_id": "3",
            "object_repr": "cycle cycle",
            "action_flag": 3,
            "change_message": ""
        }
    },
    {
        "model": "admin.logentry",
        "pk": 11,
        "fields": {
            "action_time": "2025-01-03T09:54:40.073Z",
            "user": 1,
            "content_type": 7,
            "object_id": "2",
            "object_repr": "Cycle",
            "action_flag": 3,
            "change_message": ""
        }
    },
    {
        "model": "admin.logentry",
        "pk": 12,
        "fields": {
            "action_time": "2025-01-03T09:54:40.073Z",
            "user": 1,
            "content_type": 7,
            "object_id": "1",
            "object_repr": "aa",
            "action_flag": 3,
            "change_message": ""
        }
    },
    {
        "model": "admin.logentry",
        "pk": 13,
        "fields": {
            "action_time": "2025-01-03T09:55:22.704Z",
            "user": 1,
            "content_type": 7,
            "object_id": "4",
            "object_repr": "Cycle",
            "action_flag": 1,
            "change_message": "[{\"added\": {}}]"
        }
    },
    {
        "model": "admin.logentry",
        "pk": 14,
        "fields": {
            "action_time": "2025-01-07T14:00:19.983Z",
            "user": 1,
            "content_type": 7,
            "object_id": "4",
            "object_repr": "Cycle",
            "action_flag": 2,
            "change_message": "[{\"changed\": {\"fields\": [\"Product category\"]}}]"
        }
    },
    {
        "model": "admin.logentry",
        "pk": 15,
        "fields": {
            "action_time": "2025-01-07T14:06:21.062Z",
            "user": 1,
            "content_type": 7,
            "object_id": "4",
            "object_repr": "Cycle",
            "action_flag": 2,
            "change_message": "[{\"changed\": {\"fields\": [\"Product platform\"]}}]"
        }
    },
    {
        "model": "admin.logentry",
        "pk": 16,
        "fields": {
            "action_time": "2025-01-07T14:15:03.432Z",
            "user": 1,
            "content_type": 7,
            "object_id": "5",
            "object_repr": "Bike",
            "action_flag": 1,
            "change_message": "[{\"added\": {}}]"
        }
    },
    {
        "model": "admin.logentry",
        "pk": 17,
        "fields": {
            "action_time": "2025-01-07T14:15:59.312Z",
            "user": 1,
            "content_type": 7,
            "object_id": "6",
            "object_repr": "Water bottle",
            "action_flag": 1,
            "change_message": "[{\"added\": {}}]"
        }
    },
    {
        "model": "admin.logentry",
        "pk": 18,
        "fields": {
            "action_time": "2025-01-07T14:17:15.119Z",
            "user": 1,
            "content_type": 7,
            "object_id": "7",
            "object_repr": "Pandi",
            "action_flag": 1,
            "change_message": "[{\"added\": {}}]"
        }
    },
    {
        "model": "admin.logentry",
        "pk": 19,
        "fields": {
            "action_time": "2025-01-07T14:18:14.571Z",
            "user": 1,
            "content_type": 7,
            "object_id": "8",
            "object_repr": "Rod",
            "action_flag": 1,
            "change_message": "[{\"added\": {}}]"
        }
    },
    {
        "model": "admin.logentry",
        "pk": 20,
        "fields": {
            "action_time": "2025-01-07T16:36:31.936Z",
            "user": 1,
            "content_type": 7,
            "object_id": "9",
            "object_repr": "CYCLE",
            "action_flag": 1,
            "change_message": "[{\"added\": {}}]"
        }
    },
    {
        "model": "admin.logentry",
        "pk": 21,
        "fields": {
            "action_time": "2025-01-07T17:03:34.849Z",
            "user": 1,
            "content_type": 7,
            "object_id": "9",
            "object_repr": "CYCLE",
            "action_flag": 2,
            "change_message": "[{\"changed\": {\"fields\": [\"Product platform\"]}}]"
        }
    },
    {
        "model": "admin.logentry",
        "pk": 22,
        "fields": {
            "action_time": "2025-01-07T17:47:40.194Z",
            "user": 1,
            "content_type": 7,
            "object_id": "10",
            "object_repr": "cycle",
            "action_flag": 1,
            "change_message": "[{\"added\": {}}]"
        }
    },
    {
        "model": "admin.logentry",
        "pk": 23,
        "fields": {
            "action_time": "2025-02-08T17:21:47.711Z",
            "user": 1,
            "content_type": 11,
            "object_id": "1",
            "object_repr": "admin's Profile",
            "action_flag": 2,
            "change_message": "[{\"changed\": {\"fields\": [\"Recommended products\"]}}]"
        }
    },
    {
        "model": "admin.logentry",
        "pk": 24,
        "fields": {
            "action_time": "2025-02-08T17:21:53.339Z",
            "user": 1,
            "content_type": 11,
            "object_id": "1",
            "object_repr": "admin's Profile",
            "action_flag": 2,
            "change_message": "[{\"changed\": {\"fields\": [\"Recommended products\"]}}]"
        }
    },
    {
        "model": "auth.permission",
        "pk": 1,
        "fields": {
            "name": "Can add log entry",
            "content_type": 1,
            "codename": "add_logentry"
        }
    },
    {
        "model": "auth.permission",
        "pk": 2,
        "fields": {
            "name": "Can change log entry",
            "content_type": 1,
            "codename": "change_logentry"
        }
    },
    {
        "model": "auth.permission",
        "pk": 3,
        "fields": {
            "name": "Can delete log entry",
            "content_type": 1,
            "codename": "delete_logentry"
        }
    },
    {
        "model": "auth.permission",
        "pk": 4,
        "fields": {
            "name": "Can view log entry",
            "content_type": 1,
            "codename": "view_logentry"
        }
    },
    {
        "model": "auth.permission",
        "pk": 5,
        "fields": {
            "name": "Can add permission",
            "content_type": 2,
            "codename": "add_permission"
        }
    },
    {
        "model": "auth.permission",
        "pk": 6,
        "fields": {
            "name": "Can change permission",
            "content_type": 2,
            "codename": "change_permission"
        }
    },
    {
        "model": "auth.permission",
        "pk": 7,
        "fields": {
            "name": "Can delete permission",
            "content_type": 2,
            "codename": "delete_permission"
        }
    },
    {
        "model": "auth.permission",
        "pk": 8,
        "fields": {
            "name": "Can view permission",
            "content_type": 2,
            "codename": "view_permission"
        }
    },
    {
        "model": "auth.permission",
        "pk": 9,
        "fields": {
            "name": "Can add group",
            "content_type": 3,
            "codename": "add_group"
        }
    },
    {
        "model": "auth.permission",
        "pk": 10,
        "fields": {
            "name": "Can change group",
            "content_type": 3,
            "codename": "change_group"
        }
    },
    {
        "model": "auth.permission",
        "pk": 11,
        "fields": {
            "name": "Can delete group",
            "content_type": 3,
            "codename": "delete_group"
        }
    },
    {
        "model": "auth.permission",
        "pk": 12,
        "fields": {
            "name": "Can view group",
            "content_type": 3,
            "codename": "view_group"
        }
    },
    {
        "model": "auth.permission",
        "pk": 13,
        "fields": {
            "name": "Can add user",
            "content_type": 4,
            "codename": "add_user"
        }
    },
    {
        "model": "auth.permission",
        "pk": 14,
        "fields": {
            "name": "Can change user",
            "content_type": 4,
            "codename": "change_user"
        }
    },
    {
        "model": "auth.permission",
        "pk": 15,
        "fields": {
            "name": "Can delete user",
            "content_type": 4,
            "codename": "delete_user"
        }
    },
    {
        "model": "auth.permission",
        "pk": 16,
        "fields": {
            "name": "Can view user",
            "content_type": 4,
            "codename": "view_user"
        }
    },
    {
        "model": "auth.permission",
        "pk": 17,
        "fields": {
            "name": "Can add content type",
            "content_type": 5,
            "codename": "add_contenttype"
        }
    },
    {
        "model": "auth.permission",
        "pk": 18,
        "fields": {
            "name": "Can change content type",
            "content_type": 5,
            "codename": "change_contenttype"
        }
    },
    {
        "model": "auth.permission",
        "pk": 19,
        "fields": {
            "name": "Can delete content type",
            "content_type": 5,
            "codename": "delete_contenttype"
        }
    },
    {
        "model": "auth.permission",
        "pk": 20,
        "fields": {
            "name": "Can view content type",
            "content_type": 5,
            "codename": "view_contenttype"
        }
    },
    {
        "model": "auth.permission",
        "pk": 21,
        "fields": {
            "name": "Can add session",
            "content_type": 6,
            "codename": "add_session"
        }
    },
    {
        "model": "auth.permission",
        "pk": 22,
        "fields": {
            "name": "Can change session",
            "content_type": 6,
            "codename": "change_session"
        }
    },
    {
        "model": "auth.permission",
        "pk": 23,
        "fields": {
            "name": "Can delete session",
            "content_type": 6,
            "codename": "delete_session"
        }
    },
    {
        "model": "auth.permission",
        "pk": 24,
        "fields": {
            "name": "Can view session",
            "content_type": 6,
            "codename": "view_session"
        }
    },
    {
        "model": "auth.permission",
        "pk": 25,
        "fields": {
            "name": "Can add product links",
            "content_type": 7,
            "codename": "add_productlinks"
        }
    },
    {
        "model": "auth.permission",
        "pk": 26,
        "fields": {
            "name": "Can change product links",
            "content_type": 7,
            "codename": "change_productlinks"
        }
    },
    {
        "model": "auth.permission",
        "pk": 27,
        "fields": {
            "name": "Can delete product links",
            "content_type": 7,
            "codename": "delete_productlinks"
        }
    },
    {
        "model": "auth.permission",
        "pk": 28,
        "fields": {
            "name": "Can view product links",
            "content_type": 7,
            "codename": "view_productlinks"
        }
    },
    {
        "model": "auth.permission",
        "pk": 29,
        "fields": {
            "name": "Can add user lists",
            "content_type": 8,
            "codename": "add_userlists"
        }
    },
    {
        "model": "auth.permission",
        "pk": 30,
        "fields": {
            "name": "Can change user lists",
            "content_type": 8,
            "codename": "change_userlists"
        }
    },
    {
        "model": "auth.permission",
        "pk": 31,
        "fields": {
            "name": "Can delete user lists",
            "content_type": 8,
            "codename": "delete_userlists"
        }
    },
    {
        "model": "auth.permission",
        "pk": 32,
        "fields": {
            "name": "Can view user lists",
            "content_type": 8,
            "codename": "view_userlists"
        }
    },
    {
        "model": "auth.permission",
        "pk": 33,
        "fields": {
            "name": "Can add Token",
            "content_type": 9,
            "codename": "add_token"
        }
    },
    {
        "model": "auth.permission",
        "pk": 34,
        "fields": {
            "name": "Can change Token",
            "content_type": 9,
            "codename": "change_token"
        }
    },
    {
        "model": "auth.permission",
        "pk": 35,
        "fields": {
            "name": "Can delete Token",
            "content_type": 9,
            "codename": "delete_token"
        }
    },
    {
        "model": "auth.permission",
        "pk": 36,
        "fields": {
            "name": "Can view Token",
            "content_type": 9,
            "codename": "view_token"
        }
    },
    {
        "model": "auth.permission",
        "pk": 37,
        "fields": {
            "name": "Can add Token",
            "content_type": 10,
            "codename": "add_tokenproxy"
        }
    },
    {
        "model": "auth.permission",
        "pk": 38,
        "fields": {
            "name": "Can change Token",
            "content_type": 10,
            "codename": "change_tokenproxy"
        }
    },
    {
        "model": "auth.permission",
        "pk": 39,
        "fields": {
            "name": "Can delete Token",
            "content_type": 10,
            "codename": "delete_tokenproxy"
        }
    },
    {
        "model": "auth.permission",
        "pk": 40,
        "fields": {
            "name": "Can view Token",
            "content_type": 10,
            "codename": "view_tokenproxy"
        }
    },
    {
        "model": "auth.permission",
        "pk": 41,
        "fields": {
            "name": "Can add user profile",
            "content_type": 11,
            "codename": "add_userprofile"
        }
    },
    {
        "model": "auth.permission",
        "pk": 42,
        "fields": {
            "name": "Can change user profile",
            "content_type": 11,
            "codename": "change_userprofile"
        }
    },
    {
        "model": "auth.permission",
        "pk": 43,
        "fields": {
            "name": "Can delete user profile",
            "content_type": 11,
            "codename": "delete_userprofile"
        }
    },
    {
        "model": "auth.permission",
        "pk": 44,
        "fields": {
            "name": "Can view user profile",
            "content_type": 11,
            "codename": "view_userprofile"
        }
    },
    {
        "model": "auth.user",
        "pk": 1,
        "fields": {
            "password": "pbkdf2_sha256$870000$LqAubvbbHaIeOJ0aE0IFLy$DFM+IqmCRaiBf6c0zmVl2t/kX7SgwKSt65XBxWMNkRk=",
            "last_login": "2025-01-30T14:18:51.155Z",
            "is_superuser": true,
            "username": "admin",
            "first_name": "",
            "last_name": "",
            "email": "",
            "is_staff": true,
            "is_active": true,
            "date_joined": "2024-10-26T05:43:53.483Z",
            "groups": [],
            "user_permissions": []
        }
    },
    {
        "model": "auth.user",
        "pk": 2,
        "fields": {
            "password": "pbkdf2_sha256$600000$0OnvIF15RwRF1D0nIiR5An$pymp4ktRuMn+6WNI++phRgtNEDfoIkUXQwiPmQzigZ0=",
            "last_login": null,
            "is_superuser": false,
            "username": "pandi",
            "first_name": "",
            "last_name": "",
            "email": "",
            "is_staff": false,
            "is_active": true,
            "date_joined": "2024-10-26T05:44:14.133Z",
            "groups": [],
            "user_permissions": []
        }
    },
    {
        "model": "auth.user",
        "pk": 3,
        "fields": {
            "password": "pbkdf2_sha256$600000$Xz2i6Hu4UmrYhXbx9gtXJU$Drgk3JjGkp+b0u88xV0c0X6u7JqudZXcwexzxqT+WPQ=",
            "last_login": null,
            "is_superuser": false,
            "username": "bgv",
            "first_name": "",
            "last_name": "",
            "email": "",
            "is_staff": false,
            "is_active": true,
            "date_joined": "2024-11-15T02:54:38.614Z",
            "groups": [],
            "user_permissions": []
        }
    },
    {
        "model": "auth.user",
        "pk": 9,
        "fields": {
            "password": "pbkdf2_sha256$600000$MRY6iVO0EjsfJjXZBWscCE$2jyVUOXJLUkcuVt3YM/9CyGenb0OpTL59qKK0KeFSVw=",
            "last_login": null,
            "is_superuser": false,
            "username": "bhoomi",
            "first_name": "",
            "last_name": "",
            "email": "",
            "is_staff": false,
            "is_active": true,
            "date_joined": "2024-11-15T03:15:15.182Z",
            "groups": [],
            "user_permissions": []
        }
    },
    {
        "model": "auth.user",
        "pk": 10,
        "fields": {
            "password": "pbkdf2_sha256$600000$rFNPuvJ4sDAfukAcxaalwU$X6Unpc+XRWDCR0mKql0TFNWKFE2YonhdrQm6rGUoJKw=",
            "last_login": null,
            "is_superuser": false,
            "username": "bjv",
            "first_name": "",
            "last_name": "",
            "email": "",
            "is_staff": false,
            "is_active": true,
            "date_joined": "2024-11-15T03:16:15.980Z",
            "groups": [],
            "user_permissions": []
        }
    },
    {
        "model": "auth.user",
        "pk": 11,
        "fields": {
            "password": "pbkdf2_sha256$870000$EKZ3r0yxwxamANZqlhB6Wj$LRKEK8uOFPmKCmF5GabomHoH9ZpLE+EDdxx/C++kdGw=",
            "last_login": null,
            "is_superuser": false,
            "username": "BGVS",
            "first_name": "",
            "last_name": "",
            "email": "",
            "is_staff": false,
            "is_active": true,
            "date_joined": "2024-12-28T12:38:33.529Z",
            "groups": [],
            "user_permissions": []
        }
    },
    {
        "model": "auth.user",
        "pk": 12,
        "fields": {
            "password": "pbkdf2_sha256$870000$OfX3s8anHWeqTp56hKW1ap$ybQTSvekCb6dYlM7tf6uwmaG/5CF3/LcDua8bHLqPig=",
            "last_login": null,
            "is_superuser": false,
            "username": "BGVShiva",
            "first_name": "",
            "last_name": "",
            "email": "",
            "is_staff": false,
            "is_active": true,
            "date_joined": "2024-12-28T12:39:22.426Z",
            "groups": [],
            "user_permissions": []
        }
    },
    
    {
        "model": "sessions.session",
        "pk": "29cjx2csk7am42vjtw1paprt57oco199",
        "fields": {
            "session_data": ".eJxVjEEOwiAQRe_C2pAZsJS6dO8ZyACDVA0kpV0Z7y5NutDtf-_9t3C0rdltjRc3R3ERKE6_m6fw5LKD-KByrzLUsi6zl7siD9rkrUZ-XQ_37yBTy72GlAaVgiKONg1sFEIw02gByMLUkUetFaA_EwOjHbsYmFAZbSgyis8X5_c4Ew:1tAu9q:L-aJcePIXKeXhmy1UmBWlgXdCXjrEu0tEQek7AYZf8k",
            "expire_date": "2024-11-26T16:54:26.092Z"
        }
    },
    {
        "model": "sessions.session",
        "pk": "aq0ix3ekf2qeyxw7pz4jqdczqal7sh0b",
        "fields": {
            "session_data": ".eJxVjEEOwiAQRe_C2pAZsJS6dO8ZyACDVA0kpV0Z7y5NutDtf-_9t3C0rdltjRc3R3ERKE6_m6fw5LKD-KByrzLUsi6zl7siD9rkrUZ-XQ_37yBTy72GlAaVgiKONg1sFEIw02gByMLUkUetFaA_EwOjHbsYmFAZbSgyis8X5_c4Ew:1tBmiQ:viLwxigV9QxQlsEaj6DAfR6yrlflvXYg_aUyC4JaR3Q",
            "expire_date": "2024-11-29T03:09:46.939Z"
        }
    },
    {
        "model": "sessions.session",
        "pk": "mc47q1qddutxx3uiqcwculvn1qnf18lr",
        "fields": {
            "session_data": ".eJxVjEEOwiAQRe_C2hAGBByX7nuGZpihUjU0Ke3KeHdD0oVu_3vvv9VI-1bGveV1nEVdFajT75aIn7l2IA-q90XzUrd1Tror-qBND4vk1-1w_w4KtdJrQKRs2SMZQ85lgAARw8TWiUMRdswxTtGzDWCNwYvDc5KQvI_kQX2-11o3QA:1t4Zst:QMvo4TrfLyeSwmKnVr0_00iQ4-fydbOQYdp8RRzVAPk",
            "expire_date": "2024-11-09T06:02:47.561Z"
        }
    },
    {
        "model": "sessions.session",
        "pk": "p55gf7s1a15nbb74mcc75hoinbwju5z6",
        "fields": {
            "session_data": ".eJxVjEEOwiAQRe_C2hAYChSX7j0DmWFAqoYmpV0Z765NutDtf-_9l4i4rTVuPS9xYnEWWpx-N8L0yG0HfMd2m2Wa27pMJHdFHrTL68z5eTncv4OKvX7rkJTijA7V4IoyBM7orD2YwQeGksLICJY0ei7ZgiGyFrwHp3FkYifeH9ptN8E:1tTdfd:GJARIS_BPadjW7Sm51tOreAc4WdVIeo-EHjT_A_2F4k",
            "expire_date": "2025-01-17T09:08:41.922Z"
        }
    },
    {
        "model": "sessions.session",
        "pk": "pal911ctwtslamocb239j8qeq4pgn96h",
        "fields": {
            "session_data": ".eJxVjEEOwiAQRe_C2hAYChSX7j0DmWFAqoYmpV0Z765NutDtf-_9l4i4rTVuPS9xYnEWWpx-N8L0yG0HfMd2m2Wa27pMJHdFHrTL68z5eTncv4OKvX7rkJTijA7V4IoyBM7orD2YwQeGksLICJY0ei7ZgiGyFrwHp3FkYifeH9ptN8E:1tdVNb:O9DRBXz2NyboWVASXfoja2Vt_x4JvqyxxB4SnIrHLIY",
            "expire_date": "2025-02-13T14:18:51.159Z"
        }
    },
    {
        "model": "sessions.session",
        "pk": "sl1z7gxtw8hz9x3h74pluks1pcakktph",
        "fields": {
            "session_data": ".eJxVjEEOwiAQRe_C2hAYChSX7j0DmWFAqoYmpV0Z765NutDtf-_9l4i4rTVuPS9xYnEWWpx-N8L0yG0HfMd2m2Wa27pMJHdFHrTL68z5eTncv4OKvX7rkJTijA7V4IoyBM7orD2YwQeGksLICJY0ei7ZgiGyFrwHp3FkYifeH9ptN8E:1tP0X7:KptLKpgvVnJCguDjr2hbCTZ1ojTYNdEQSpxQCR-fIGk",
            "expire_date": "2025-01-04T14:32:45.965Z"
        }
    },
    {
        "model": "sessions.session",
        "pk": "torecduvbw9hgiiwpt7p16x29bhoyjqv",
        "fields": {
            "session_data": ".eJxVjEEOwiAQRe_C2hAYChSX7j0DmWFAqoYmpV0Z765NutDtf-_9l4i4rTVuPS9xYnEWWpx-N8L0yG0HfMd2m2Wa27pMJHdFHrTL68z5eTncv4OKvX7rkJTijA7V4IoyBM7orD2YwQeGksLICJY0ei7ZgiGyFrwHp3FkYifeH9ptN8E:1tP3Fz:qB441A-lEchtkE81lFBFFSXxcrvLFlLYwsVb7YaObb0",
            "expire_date": "2025-01-04T17:27:15.598Z"
        }
    },
    {
        "model": "sessions.session",
        "pk": "u8ekj5pqfojvvndkb964ta53iv3vqs1d",
        "fields": {
            "session_data": ".eJxVjEEOwiAQRe_C2hAYChSX7j0DmWFAqoYmpV0Z765NutDtf-_9l4i4rTVuPS9xYnEWWpx-N8L0yG0HfMd2m2Wa27pMJHdFHrTL68z5eTncv4OKvX7rkJTijA7V4IoyBM7orD2YwQeGksLICJY0ei7ZgiGyFrwHp3FkYifeH9ptN8E:1tMN9B:nXxGFwCbnM3pmwYbbZnhQb2QonCSoI-64aeP_fPW-X8",
            "expire_date": "2024-12-28T08:05:09.530Z"
        }
    },
    {
        "model": "home.productlinks",
        "pk": 4,
        "fields": {
            "product_name": "Cycle",
            "product_link": "https://www.youtube.com/watch?v=3pGAEyVtlwM",
            "product_platform": "Amazon",
            "product_image": "product_images/interview_day.png",
            "product_price": "100.00",
            "product_description": "the first search functionality test",
            "product_country": "India",
            "product_category": "Hero"
        }
    },
    {
        "model": "home.productlinks",
        "pk": 5,
        "fields": {
            "product_name": "Bike",
            "product_link": "https://www.youtube.com/watch?v=3pGAEyVtlwM",
            "product_platform": "Flipkart",
            "product_image": "product_images/Screenshot_17.png",
            "product_price": "100.00",
            "product_description": "something something",
            "product_country": "India",
            "product_category": "Hero"
        }
    },
    {
        "model": "home.productlinks",
        "pk": 6,
        "fields": {
            "product_name": "Water bottle",
            "product_link": "https://www.youtube.com/watch?v=3pGAEyVtlwM",
            "product_platform": "Myntra",
            "product_image": "product_images/Screenshot_2024-11-10_231509.png",
            "product_price": "100.00",
            "product_description": "product description",
            "product_country": "USA",
            "product_category": "Friends"
        }
    },
    {
        "model": "home.productlinks",
        "pk": 7,
        "fields": {
            "product_name": "Pandi",
            "product_link": "https://www.youtube.com/watch?v=3pGAEyVtlwM",
            "product_platform": "Amazon",
            "product_image": "product_images/Screenshot_390.png",
            "product_price": "100.00",
            "product_description": "",
            "product_country": "Russia",
            "product_category": "Friends"
        }
    },
    {
        "model": "home.productlinks",
        "pk": 8,
        "fields": {
            "product_name": "Rod",
            "product_link": "https://www.youtube.com/watch?v=3pGAEyVtlwM",
            "product_platform": "Flipkart",
            "product_image": "product_images/Screenshot_2024-07-16_102151.png",
            "product_price": "100.00",
            "product_description": "",
            "product_country": "China",
            "product_category": "Friends"
        }
    },
    {
        "model": "home.productlinks",
        "pk": 9,
        "fields": {
            "product_name": "CYCLE",
            "product_link": "https://www.youtube.com/watch?v=3pGAEyVtlwM",
            "product_platform": "Flipkart",
            "product_image": "product_images/Screenshot_322.png",
            "product_price": "100.00",
            "product_description": "product description",
            "product_country": "India",
            "product_category": "Hero"
        }
    },
    {
        "model": "home.productlinks",
        "pk": 10,
        "fields": {
            "product_name": "cycle",
            "product_link": "https://www.youtube.com/watch?v=3pGAEyVtlwM",
            "product_platform": "Myntra",
            "product_image": "product_images/Screenshot_2024-07-29_212234.png",
            "product_price": "100.00",
            "product_description": "product description",
            "product_country": "China",
            "product_category": "Friends"
        }
    },
    {
        "model": "home.userprofile",
        "pk": 1,
        "fields": {
            "user": 1,
            "recommended_products": [
                4,
                5,
                6,
                7,
                9,
                10
            ]
        }
    },
    {
        "model": "home.userlists",
        "pk": 1,
        "fields": {
            "user": 10,
            "title": "check3",
            "description": null,
            "hobbies": null,
            "age": null
        }
    },
    {
        "model": "home.userlists",
        "pk": 3,
        "fields": {
            "user": 2,
            "title": "Sample Title",
            "description": "Sample Description",
            "hobbies": null,
            "age": null
        }
    },
    {
        "model": "home.userlists",
        "pk": 4,
        "fields": {
            "user": 3,
            "title": "Nani",
            "description": "Natural Star",
            "hobbies": null,
            "age": null
        }
    },
    {
        "model": "home.userlists",
        "pk": 5,
        "fields": {
            "user": 3,
            "title": "Affiliate",
            "description": "programming",
            "hobbies": null,
            "age": null
        }
    },
    {
        "model": "home.userlists",
        "pk": 6,
        "fields": {
            "user": 3,
            "title": "Sample Title",
            "description": "Sample Description",
            "hobbies": null,
            "age": null
        }
    },
    {
        "model": "home.userlists",
        "pk": 7,
        "fields": {
            "user": 3,
            "title": "Sample Title",
            "description": "Sample Description",
            "hobbies": null,
            "age": null
        }
    },
    {
        "model": "home.userlists",
        "pk": 9,
        "fields": {
            "user": 3,
            "title": "Sample Title",
            "description": "Sample Description",
            "hobbies": null,
            "age": null
        }
    },
    {
        "model": "home.userlists",
        "pk": 10,
        "fields": {
            "user": 3,
            "title": "Sample Title",
            "description": "Sample Description",
            "hobbies": null,
            "age": null
        }
    },
    {
        "model": "home.userlists",
        "pk": 11,
        "fields": {
            "user": 3,
            "title": "Affiliate",
            "description": "marketing",
            "hobbies": null,
            "age": null
        }
    },
    {
        "model": "home.userlists",
        "pk": 12,
        "fields": {
            "user": 3,
            "title": "Sample Title",
            "description": "Sample Description",
            "hobbies": null,
            "age": null
        }
    },
    {
        "model": "home.userlists",
        "pk": 13,
        "fields": {
            "user": 3,
            "title": "Affiliate",
            "description": "marketing",
            "hobbies": null,
            "age": null
        }
    },
    {
        "model": "home.userlists",
        "pk": 14,
        "fields": {
            "user": 3,
            "title": "Affiliate",
            "description": "business",
            "hobbies": null,
            "age": null
        }
    },
    {
        "model": "home.userlists",
        "pk": 15,
        "fields": {
            "user": 9,
            "title": "BGV",
            "description": "Shiva",
            "hobbies": null,
            "age": null
        }
    },
    {
        "model": "home.userlists",
        "pk": 17,
        "fields": {
            "user": 9,
            "title": "hello hello",
            "description": "ye maato cheppave oo pillo",
            "hobbies": null,
            "age": null
        }
    },
    {
        "model": "home.userlists",
        "pk": 21,
        "fields": {
            "user": 2,
            "title": "pandi",
            "description": "pradeep",
            "hobbies": null,
            "age": null
        }
    },
    {
        "model": "home.userlists",
        "pk": 48,
        "fields": {
            "user": 1,
            "title": "checking",
            "description": "after check<br>new line<br>3rd line",
            "hobbies": null,
            "age": null
        }
    },
    {
        "model": "home.userlists",
        "pk": 49,
        "fields": {
            "user": 1,
            "title": "aaaaaaaaaaaaaaaaaaaaaaaaaaaaaaaaaaaaaaaaaaaaaaaaaaaaaaaaaaaaaaaaaaaaaaaaaaaaaaaaaaaaaaaaaaaaaaaaaaaaaaaaaaaaaaaaaaaaaaaaaaaaaaaaaaaaaaaaaaaaaaaaaaaaaaa",
            "description": "aaaaaaaaaaaaaaaaaaaaaaaaaaaaaaaaaaaaaaaaaaaaaaaaaaaaaaaaaaaaaaaaaaaaaaaaaaaaaaaaaaaaaaaaaaaaaaaaaaaaaaaaaaaaaaaaaaaaaaaaaaaaaaaaaaaaaaaaaaaaaaaaaaaaaaaaaaaaaaaaaaaaaaaaaaaaaaaaaaaaaaaaaaaaaaaaaaaaaaaaaaaaaaaaaaaaaaaaaaaaaaaaaaaaaaaaaaaaaaaaaaaaaaaaaaaaaaaaaaaaaaaaaaaaaaaaaaaaaaaaaaaaaaaaaaaaaaaaaaaaaaaaaaaaaaaaaaaaaaaaaaaaaaaaaaaaaaaaaaaaaaaaaaaaaaaaaaaaaaaaaaaaaaaaaaaaaaaaaaaaaaaaaaaaaaaaaaaaaaaaaaaaaaaaaaaaaaaaaaaaaaaaaaaaaaaaaaaaaaaaaaaaaaaaaaaaaaaaaaaaaaaaaaaaaaaaaaaaaaaaaaaaa",
            "hobbies": null,
            "age": null
        }
    },
    {
        "model": "home.userlists",
        "pk": 51,
        "fields": {
            "user": 1,
            "title": "aaaaaaaaaaaaaaaaaaaaaaaaaaaaaaaaaaaaaaaaaaaaaaaaaaaaaaaaaaaaaaaaaaa",
            "description": "hello",
            "hobbies": null,
            "age": null
        }
    },
    {
        "model": "home.userlists",
        "pk": 52,
        "fields": {
            "user": 1,
            "title": "New check",
            "description": "first line , longer and this is me<br>2nd line<br>3rd line<br>4th line<br>5th line<br>6th line<br>7th line",
            "hobbies": null,
            "age": null
        }
    },
    {
        "model": "home.userlists",
        "pk": 53,
        "fields": {
            "user": 1,
            "title": "just check",
            "description": "aaaaaaaaaaaaaaaaaaaaaaaaaaaaaaaaaaaaaaaaaaaaaaaaaaaaaaaaaaaaaaaaaaaaaaaaaaaaaaaaaaaaaaaaaaaaaaaaaaaaaaaaaaaaaaaaaaaaaaaaaaaaaaaaaaaaaa",
            "hobbies": null,
            "age": null
        }
    },
    {
        "model": "home.userlists",
        "pk": 54,
        "fields": {
            "user": 1,
            "title": "new one",
            "description": "hi",
            "hobbies": null,
            "age": null
        }
    },
    {
        "model": "home.userlists",
        "pk": 55,
        "fields": {
            "user": 1,
            "title": "another one",
            "description": "hello pandi",
            "hobbies": null,
            "age": null
        }
    },
    {
        "model": "authtoken.token",
        "pk": "1c59a83fb7713638b61f2f3ce6d2b5976668e364",
        "fields": {
            "user": 2,
            "created": "2024-10-26T05:44:15.154Z"
        }
    },
    {
        "model": "authtoken.token",
        "pk": "3eb9c11e054c3469c865706f8bc37d699eae9612",
        "fields": {
            "user": 12,
            "created": "2024-12-28T12:39:23.240Z"
        }
    },
    {
        "model": "authtoken.token",
        "pk": "74478a2029e967088e23d5a44eaaad06c956bcbd",
        "fields": {
            "user": 10,
            "created": "2024-11-15T03:16:16.518Z"
        }
    },
    {
        "model": "authtoken.token",
        "pk": "7a2a34234b1a35c4e0ddebf9e4681a457fe6f661",
        "fields": {
            "user": 3,
            "created": "2024-11-15T02:54:39.135Z"
        }
    },
    {
        "model": "authtoken.token",
        "pk": "b06d1e5c2887127d71584d13b93dd42da4563efb",
        "fields": {
            "user": 9,
            "created": "2024-11-15T03:15:15.627Z"
        }
    },
    {
        "model": "authtoken.token",
        "pk": "db208622c28501c42b2d3607dbf2f66869fbd7a2",
        "fields": {
            "user": 11,
            "created": "2024-12-28T12:38:34.151Z"
        }
    }
]